IP Address,Country Name
104.143.90.54,US
104.143.90.36,US
204.14.104.22,US
38.152.44.126,US
206.232.1.178,US
104.143.91.53,US
38.170.9.55,US
104.148.85.247,US
206.232.1.54,US
38.152.45.93,US
38.152.44.122,US
107.150.54.133,US
204.217.131.253,US
206.232.1.227,US
104.148.93.38,US
195.7.6.209,US
104.143.89.113,US
204.217.129.96,US
38.15.142.145,US
104.148.83.176,US
167.160.69.43,US
38.170.9.98,US
204.217.130.109,US
209.163.119.84,US
204.217.129.95,US
154.13.117.15,US
104.164.123.21,US
204.217.129.218,US
85.209.231.117,US
172.96.95.30,US
195.7.6.34,US
192.126.208.112,US
167.160.72.35,US
204.217.128.200,US
104.143.90.145,US
104.164.123.35,US
185.185.124.191,US
167.160.71.249,US
138.229.99.131,US
206.232.0.224,US
104.148.85.116,US
204.217.130.141,US
154.13.122.105,US
206.232.2.139,US
104.148.121.2,US
38.152.67.155,US
156.252.23.94,US
141.164.87.192,US
209.59.229.169,US
206.232.2.100,US
104.148.121.12,US
206.232.0.74,US
216.180.107.35,US
45.139.59.56,US
104.148.121.129,US
193.202.12.31,US
204.14.104.185,US
167.160.67.210,US
104.143.91.97,US
204.217.131.37,US
204.14.104.137,US
204.217.130.75,US
206.232.1.64,US
204.217.131.77,US
104.143.91.210,US
204.217.131.73,US
149.20.241.226,US
152.44.106.21,US
104.148.93.4,US
206.232.2.14,US
149.20.240.33,US
206.232.1.35,US
104.148.106.176,US
172.96.95.102,US
38.152.40.219,US
206.232.1.217,US
38.170.9.95,US
204.217.129.91,US
104.143.90.105,US
104.143.91.74,US
216.213.28.88,US
204.217.130.140,US
104.143.91.112,US
195.7.6.30,US
204.217.129.8,US
104.148.106.170,US
167.160.65.241,US
104.148.106.66,US
204.217.129.75,US
199.34.83.152,US
104.143.91.177,US
204.217.129.214,US
66.146.234.40,US
204.217.130.213,US
38.152.35.77,US
204.217.129.94,US
104.143.93.86,US
204.217.128.221,US
138.229.104.33,US
204.217.131.63,US
204.217.131.42,US
154.13.117.106,US
207.182.25.8,US
104.164.123.229,US
104.148.85.66,US
206.232.1.119,US
66.84.88.2,US
204.217.129.38,US
204.217.130.163,US
204.217.131.46,US
104.148.85.179,US
204.14.104.8,US
104.148.106.191,US
204.217.131.247,US
138.229.99.91,US
104.143.91.160,US
206.232.0.54,US
66.84.93.59,US
104.148.83.5,US
38.152.39.15,US
168.245.206.151,US
204.217.130.131,US
204.217.130.73,US
185.185.124.52,US
149.20.243.234,US
204.217.130.118,US
204.217.129.231,US
68.65.220.22,US
104.164.123.102,US
168.245.143.15,US
206.232.0.239,US
204.217.129.214,US
204.217.131.166,US
104.148.85.79,US
185.185.124.29,US
195.7.6.217,US
38.15.143.106,US
104.143.91.102,US
204.217.128.40,US
104.148.93.250,US
147.53.115.50,US
195.7.6.21,US
23.157.192.57,US
66.146.233.43,US
199.34.84.39,US
168.91.14.82,US
104.164.121.8,US
138.229.99.201,US
204.217.129.165,US
104.164.123.208,US
104.143.91.6,US
204.217.131.122,US
104.148.83.119,US
199.34.83.132,US
104.148.85.40,US
158.62.211.107,US
154.13.123.100,US
104.148.85.60,US
206.232.1.218,US
208.103.166.133,US
162.244.146.156,US
38.152.32.21,US
204.217.128.105,US
193.58.144.26,US
204.217.131.176,US
185.185.124.52,US
204.217.128.244,US
104.143.89.95,US
104.164.123.53,US
104.148.83.129,US
204.217.129.197,US
199.34.87.205,US
154.13.123.108,US
66.146.234.94,US
104.148.121.224,US
104.164.121.244,US
207.182.25.32,US
104.148.45.205,US
38.154.162.229,US
141.164.90.45,US
104.148.121.103,US
204.217.129.126,US
209.251.21.65,US
